[
    {
        "question":"How to buy from the store?",
        "answer":"Parents, childrens, users and customers of Ferezi can get healthy snacks online through the website or buy in person at selected stores registered in Ferezi. Ferezi allows schools and educational centers that have buffets and restaurants to become active representatives of Ferezi products by registering in the Ferezi system."
    },
    {
        "question":"Is it possible to cancel the order?",
        "answer":"Yes, of course. You can cancel your order from the Ferezi store. However, Ferezi store is not responsible for paying the delivery fee."
    },
    {
        "question":"Is it possible to order for another person and deliver to her?",
        "answer":"Yes, provided that the client is approved in the Ferezi system."
    },
    {
        "question":"How can I trust your online store?",
        "answer":"You can be sure the quality of Ferezi products by checking the opinions of customers, certificates, and valid reports. We must add that you can know the quality of products by visiting the permanent and temporary exhibitions of Ferezi and testing the food by parents and childrens."
    },
    {
        "question":"Is it possible to buy installments in Ferezi?",
        "answer":"Yes, but the level and amount of installments depends on the credit of the customer in the Ferezi system. Installments may increase or decrease."
    },
    {
        "question":"Is it possible to pay COD on your website ?",
        "answer":"Yes, you can pay the fee to the salesperson or the delivery agent when the package is delivered."
    },
    {
        "question":"How long will it take for my order to arrive?",
        "answer":"Under normal circumstances, in the city of Muscat, within a radius of 15 kilometers, there is a Farzi snack supply center within a radius of 15 kilometers, and your package will reach you in less than 15 minutes. Of course, this range can be extended to a radius of 50 km in Muscat in normal conditions and outside of peak hours, and the delivery time will increase by a maximum of 30 minutes."
    },
    {
        "question":"How can you return a defective product?",
        "answer":"You can return defective goods to stores and schools (as a Ferezi partner) before consumption. Defective goods can be returned to schools at the time of consumption. However, for schools that cooperate with Farzi, a percentage of the order is considered to cover defective goods"
    },
    {
        "question":"How do I use a discount code in your store?",
        "answer":"There will be different modes. It should be checked so that our ability and support capacity is consistent with common cases in these countries."
    },
    {
        "question":"Is it possible to change the delivery address after the order placement?",
        "answer":"Yes, if the customer agrees with the delivery time at the new location and paying the difference, it is possible to transfer to the new address."
    },
    {
        "question":"Is it possible to buy from your website in bulk and with a discount?",
        "answer":"Anyone can buy Ferezi products in bulk as a guest and use common discounts. But the schools that cooperate with Ferezi will benefit from special and varied discounts."
    },
    {
        "question":"How can you track your order?",
        "answer":"Through the website, the school, the transportation officer and by contacting Ferzei's response department"
    },
    {
        "question":"How much does it cost to send an order?",
        "answer":"The delivery cost depends on the order value, distance from the store to the delivery location, delivery time (express or regular), partner classification, and variable customer factors."
    },
    {
        "question":"Can you add or remove a product after placing an order?",
        "answer":"Yes. Only if the order is not sent."
    },
    {
        "question":"What happens if we are not present when the order is delivered?",
        "answer":"It will be delivered to the second person approved by the customer. Or the product may be returned to the store after a certain time (5 to 10 minutes)."
    },
    {
        "question":"How to pay the bill?",
        "answer":"You can settle your bill in five ways: Online, Cash at the store or to the delivery person at your doorstep, Automatic payment from credit card, and settlement at the end of every month or every week"
    },
    {
        "question":"How can I buy from you without having a second password?",
        "answer":"We can't give an exact answer right now, but you can check it on the internet, however, we will verify further."
    },
    {
        "question":"Is there a limit to the shopping cart amount?",
        "answer":"No for the guest, but for the users and copartner of Ferezi, it will vary according to their financial capacity."
    },
    {
        "question":"Is it possible to buy in person from the store?",
        "answer":"Yes, but not for all branches, but for selected branches that can be in person or drive-through."
    },
    {
        "question":"What cities do you ship to?",
        "answer":"For urban and rural areas that are located at a certain distance from the store (up to 50 km), it is done according to the normal procedure. For orders outside the scope of the store's services, due to Ferezi's commitment to the freshness and health of the products, delivery will be made at the store. Ferezi is responsible for the quality and quantity of the product until the time of delivery to the customer."
    },
    {
        "question":"Let's add this point, all your doubts and questions about ferezi will be answered as soon as possible (ASAP) through email: info@ferezi.com",
        "answer":"Let's add this point, all your doubts and questions about ferezi will be answered as soon as possible (ASAP) through email: info@ferezi.com"
    }
]